{
    "action": {
        "min": [
            -1.0,
            -0.8885714411735535,
            -0.8399999737739563,
            -0.0010000000474974513,
            -0.0024999999441206455,
            -0.0024999999441206455,
            0.8666666746139526
        ],
        "max": [
            1.0,
            1.0,
            1.0,
            0.0010071428259834647,
            0.002314285608008504,
            0.0024999999441206455,
            1.0
        ],
        "mean": [
            -0.03773183475493533,
            0.06321685693957081,
            0.14476157101255588,
            -1.3674688743281735e-05,
            -0.00027960751526771084,
            -3.050001645127074e-05,
            0.9538944384621287
        ],
        "std": [
            0.48130744786900037,
            0.5098691715671041,
            0.45928570098982896,
            0.0001800734943919439,
            0.0008778210618688512,
            0.0008317815595462215,
            0.05765586476401722
        ],
        "count": [
            4337
        ],
        "q01": [
            -1.0,
            -0.7606758187653998,
            -0.6352655375680879,
            -0.0005313531520788138,
            -0.002427072709055108,
            -0.0023837928394818153,
            0.8819337076296421
        ],
        "q10": [
            -0.8490097878755499,
            -0.5547051925330395,
            -0.40661895284695043,
            -0.000187755602322175,
            -0.001639292505520545,
            -0.000952274108771342,
            0.8819337076296421
        ],
        "q50": [
            0.00027025993172693504,
            -1.0267675136510967e-05,
            9.27397893433253e-05,
            -8.382045047958113e-08,
            -1.082094182382723e-07,
            7.79922297628462e-08,
            0.9999800366323095
        ],
        "q90": [
            0.521764198117386,
            0.8281087107136965,
            0.852939795394331,
            0.000119704303162145,
            0.0007668593240876131,
            0.0010495142879088492,
            0.9999960073264619
        ],
        "q99": [
            0.9933572308130555,
            0.9615562947955586,
            0.9706891031217416,
            0.00046534053195912325,
            0.0013244537338052652,
            0.0017014346002681006,
            0.9999996007326463
        ]
    },
    "index": {
        "min": [
            0
        ],
        "max": [
            4336
        ],
        "mean": [
            2168.0
        ],
        "std": [
            1251.984025457194
        ],
        "count": [
            4337
        ],
        "q01": [
            1741.0556357499595
        ],
        "q10": [
            1819.2731163660715
        ],
        "q50": [
            2167.8632611482594
        ],
        "q90": [
            2516.726883633928
        ],
        "q99": [
            2594.944364250041
        ]
    },
    "frame_index": {
        "min": [
            0
        ],
        "max": [
            976
        ],
        "mean": [
            435.16047959418955
        ],
        "std": [
            253.92993860628334
        ],
        "count": [
            4337
        ],
        "q01": [
            8.216115344149065
        ],
        "q10": [
            86.43359596026112
        ],
        "q50": [
            434.9481140880793
        ],
        "q90": [
            783.887363228118
        ],
        "q99": [
            862.1048438442299
        ]
    },
    "timestamp": {
        "min": [
            0.0
        ],
        "max": [
            32.53333333333333
        ],
        "mean": [
            14.505349319806315
        ],
        "std": [
            8.464331286876112
        ],
        "count": [
            4337
        ],
        "q01": [
            0.2738705113767953
        ],
        "q10": [
            2.88111986526457
        ],
        "q50": [
            14.500506522173511
        ],
        "q90": [
            26.12957877434806
        ],
        "q99": [
            28.73682812823584
        ]
    },
    "observation.image": {
        "min": [
            [
                [
                    0.0
                ]
            ],
            [
                [
                    0.0
                ]
            ],
            [
                [
                    0.0
                ]
            ]
        ],
        "max": [
            [
                [
                    0.9647058823529412
                ]
            ],
            [
                [
                    1.0
                ]
            ],
            [
                [
                    0.984313725490196
                ]
            ]
        ],
        "mean": [
            [
                [
                    0.40044048572108915
                ]
            ],
            [
                [
                    0.437616840072503
                ]
            ],
            [
                [
                    0.4115824185777745
                ]
            ]
        ],
        "std": [
            [
                [
                    0.000596432952862648
                ]
            ],
            [
                [
                    0.0014747133676787586
                ]
            ],
            [
                [
                    0.0010456830278401062
                ]
            ]
        ],
        "count": [
            796
        ],
        "q01": [
            [
                [
                    0.012594504077299555
                ]
            ],
            [
                [
                    0.05087760672011203
                ]
            ],
            [
                [
                    0.0393062859352876
                ]
            ]
        ],
        "q10": [
            [
                [
                    0.13158729474787276
                ]
            ],
            [
                [
                    0.18907588551791005
                ]
            ],
            [
                [
                    0.1654585542081339
                ]
            ]
        ],
        "q50": [
            [
                [
                    0.4228208921810944
                ]
            ],
            [
                [
                    0.47528450260477395
                ]
            ],
            [
                [
                    0.447890882940686
                ]
            ]
        ],
        "q90": [
            [
                [
                    0.5585044645828565
                ]
            ],
            [
                [
                    0.5545333605393983
                ]
            ],
            [
                [
                    0.5293992860603727
                ]
            ]
        ],
        "q99": [
            [
                [
                    0.7231138212334063
                ]
            ],
            [
                [
                    0.6988714006490545
                ]
            ],
            [
                [
                    0.631426027218317
                ]
            ]
        ]
    },
    "task_index": {
        "min": [
            0
        ],
        "max": [
            0
        ],
        "mean": [
            0.0
        ],
        "std": [
            0.0
        ],
        "count": [
            4337
        ],
        "q01": [
            3.9999999999994176e-16
        ],
        "q10": [
            3.9999999999994166e-15
        ],
        "q50": [
            1.9999999999997088e-14
        ],
        "q90": [
            3.599999999999476e-14
        ],
        "q99": [
            3.9599999999994235e-14
        ]
    },
    "observation.state": {
        "min": [
            -0.12137273699045181,
            -0.4617937505245209,
            0.028641803190112114,
            -3.1103529930114746,
            1.1806944608688354,
            -2.919497489929199,
            0.8666666746139526
        ],